INSERT INTO persona (nombre, apellido_paterno, apellido_materno, genero, direccion, correo, telefono)
VALUES
    ('Javier', 'Sánchez', 'Martínez', 'Masculino', 'Av. Insurgentes Sur 1234, Colonia Del Valle', 'javier.sanchez@example.com', '5543215678'),
    ('Marta', 'Díaz', 'González', 'Femenino', 'Calle Hamburgo 567, Colonia Juárez', 'marta.diaz@example.com', '5543215678'),
    ('Jorge', 'Vázquez', 'Martín', 'Masculino', 'Av. Universidad 890, Colonia Narvarte', 'jorge.vazquez@example.com', '5556781234'),
    ('Lucía', 'Guerrero', 'Rodríguez', 'Femenino', 'Calle Monterrey 112, Colonia Roma', 'lucia.guerrero@example.com', '5547892345'),
    ('Alberto', 'Bravo', 'Fernández', 'Masculino', 'Av. Tamaulipas 456, Colonia Condesa', 'alberto.bravo@example.com', '5558904567'),
    ('Monika', 'López', 'Navarro', 'Femenino', 'Calle Londres 789, Colonia Juárez', 'monika.lopez@example.com', '5541237890'),
    ('Adrián', 'Suárez', 'Pérez', 'Masculino', 'Calle Puebla 234, Colonia Roma', 'adrian.suarez@example.com', '5554568901'),
    ('Carla', 'Nieto', 'Martínez', 'Femenino', 'Av. Álvaro Obregón 567, Colonia Roma', 'carla.nieto@example.com', '5546789012'),
    ('Isabel', 'Soler', 'García', 'Femenino', 'Calle Mérida 890, Colonia Roma', 'isabel.soler@example.com', '5559012345'),
    ('Ricardo', 'Santos', 'Martín', 'Masculino', 'Calle Coahuila 345, Colonia Roma', 'ricardo.santos@example.com', '5542345678'),
    ('María', 'Rodríguez', 'Martínez', 'Femenino', 'Av. Chapultepec 678, Colonia Roma', 'maria.rodriguez@example.com', '5555678901'),
    ('Juan', 'Martínez', 'Sánchez', 'Masculino', 'Calle Durango 123, Colonia Roma Norte', 'juan.martinez@example.com', '5545678901'),
    ('Ana', 'López', 'García', 'Femenino', 'Calle Orizaba 456, Colonia Condesa', 'ana.lopez@example.com', '5556789012'),
    ('Carlos', 'García', 'Fernández', 'Masculino', 'Av. Álvaro Obregón 890, Colonia Roma', 'carlos.garcia@example.com', '5548901234'),
    ('Laura', 'Fernández', 'Pérez', 'Femenino', 'Av. Revolución 567, Colonia San Ángel', 'laura.fernandez@example.com', '5551234567'),
    ('Diego', 'Pérez', 'Rodríguez', 'Masculino', 'Calle Jalapa 234, Colonia Roma', 'diego.perez@example.com', '5544567890'),
    ('Sofía', 'González', 'López', 'Femenino', 'Av. Cuauhtémoc 789, Colonia Del Valle', 'sofia.gonzalez@example.com', '5557890123'),
    ('Alejandro', 'Martín', 'Ruiz', 'Masculino', 'Calle Zacatecas 345, Colonia Roma Norte', 'alejandro.martin@example.com', '5548901234'),
    ('Elena', 'Ruiz', 'Torres', 'Femenino', 'Av. Insurgentes 6789, Colonia Condesa', 'elena.ruiz@example.com', '5552345678'),
    ('Luis', 'Torres', 'Gómez', 'Masculino', 'Calle Tonalá 123, Colonia Roma', 'luis.torres@example.com', '5545678901'),
    ('Andrea', 'Gómez', 'Díaz', 'Femenino', 'Av. Álvaro Obregón 456, Colonia Roma', 'andrea.gomez@example.com', '5556789012'),
    ('Jorge', 'Vázquez', 'Martín', 'Masculino', 'Calle Querétaro 890, Colonia Condesa', 'jorge.vazquez2@example.com', '5548901234'),
    ('Carmen', 'Jiménez', 'García', 'Femenino', 'Av. México 567, Colonia Roma', 'carmen.jimenez@example.com', '5551234567'),
    ('Sergio', 'Romero', 'Sánchez', 'Masculino', 'Calle Tamaulipas 234, Colonia Roma Norte', 'sergio.romero@example.com', '5544567899'),
    ('Patricia', 'Herrera', 'Fernández', 'Femenino', 'Av. Álvaro Obregón 789, Colonia Roma', 'patricia.herrera@example.com', '5557890123'),
    ('Daniel', 'Morales', 'Pérez', 'Masculino', 'Calle Frontera 345, Colonia Condesa', 'daniel.morales@example.com', '5548601234'),
    ('Paula', 'Castro', 'López', 'Femenino', 'Av. Cuernavaca 678, Colonia Roma Norte', 'paula.castro@example.com', '5552345678'),
    ('Víctor', 'Alonso', 'Martínez', 'Masculino', 'Calle Colima 123, Colonia Roma', 'victor.alonso@example.com', '5545678901'),
    ('Raquel', 'Navarro', 'Díaz', 'Femenino', 'Av. Sonora 456, Colonia Condesa', 'raquel.navarro@example.com', '5556789012'),
    ('Iván', 'Delgado', 'Ruiz', 'Masculino', 'Calle Coahuila 890, Colonia Roma Norte', 'ivan.delgado@example.com', '5548901234'),
    ('Cristina', 'Ortega', 'Torres', 'Femenino', 'Av. Nuevo León 567, Colonia Condesa', 'cristina.ortega@example.com', '5551234567'),
    ('Pedro', 'Reyes', 'Gómez', 'Masculino', 'Calle Campeche 234, Colonia Roma Norte', 'pedro.reyes@example.com', '5544567890'),
    ('Beatriz', 'Rubio', 'Martín', 'Femenino', 'Av. Michoacán 789, Colonia Condesa', 'beatriz.rubio@example.com', '5557890123'),
    ('Gabriel', 'Molina', 'Sánchez', 'Masculino', 'Calle Monterrey 345, Colonia Roma', 'gabriel.molina@example.com', '5548901234'),
    ('Lucía', 'Guerrero', 'Rodríguez', 'Femenino', 'Av. Oaxaca 678, Colonia Condesa', 'lucia.guerrero2@example.com', '5552345678'),
    ('Mario', 'Medina', 'López', 'Masculino', 'Calle Guadalajara 123, Colonia Roma Norte', 'mario.medina@example.com', '5545678901'),
    ('Julia', 'Ramírez', 'García', 'Femenino', 'Av. Veracruz 456, Colonia Condesa', 'julia.ramirez@example.com', '5556789012'),
    ('Francisco', 'Moya', 'Ruiz', 'Masculino', 'Calle Durango 890, Colonia Roma Norte', 'francisco.moya@example.com', '5548901234'),
    ('Sara', 'Medina', 'Sánchez', 'Femenino', 'Av. Tlaxcala 567, Colonia Condesa', 'sara.medina@example.com', '5551234567'),
    ('Óscar', 'Ramos', 'López', 'Masculino', 'Calle Chihuahua 234, Colonia Roma Norte', 'oscar.ramos@example.com', '5544567890');

INSERT INTO suscripcion (id_suscripcion, nombre, descripcion, precio)
VALUES
    (1, 'Inicio Activo', 'Ideal para principiantes que quieren comenzar a ponerse en forma.', 30),
    (2, 'Fit Intermedio', 'Perfecto para aquellos que ya tienen algo de experiencia y buscan mejorar su forma física.', 50),
    (3, 'Avanzado Pro', 'Para usuarios avanzados que buscan un entrenamiento intensivo y resultados visibles.', 80),
    (4, 'Elite Personalizado', 'El paquete más completo y exclusivo, diseñado para quienes buscan el máximo rendimiento y atención personalizada.', 150);

INSERT INTO usuario (id_persona, suscripcion)
VALUES
    (11, 1),
    (12, 2),
    (13, 3),
    (14, 4),
    (15, 1),
    (16, 2),
    (17, 3),
    (18, 4),
    (19, 1),
    (20, 2),
    (21, 3),
    (22, 4),
    (23, 1),
    (24, 2),
    (25, 3),
    (26, 4),
    (27, 1),
    (28, 2),
    (29, 3),
    (30, 4),
    (31, 1),
    (32, 2),
    (33, 3),
    (34, 4),
    (35, 1),
    (36, 2),
    (37, 3),
    (38, 4),
    (39, 1),
    (40, 2);


